{"cameraMode":{"drawMode":0,"name":"Shaded","section":"Shading Mode"},"sceneLighting":true,"audioPlay":false,"sceneViewState":{"m_AlwaysRefresh":false,"showFog":true,"showSkybox":true,"showFlares":true,"showImageEffects":true,"showParticleSystems":true,"showVisualEffectGraphs":true,"m_FxEnabled":true},"in2DMode":false,"pivot":{"x":0.9243225455284119,"y":0.533786952495575,"z":0.8872053623199463},"rotation":{"x":0.2106136530637741,"y":0.5712754726409912,"z":-0.15456250309944154,"w":0.7780769467353821},"size":1.2132307291030884,"orthographic":false}